道具ID(1~300货币类 301~800 角色 1000~4000道具类 4000~5000时装材料 5000~5999假道具 6000~7000为角色碎片 7000~8000为亲密度道具 8000~9000为头像框道具 9001-10000为百科印花 20000~40000礼包类 50000~70000星石 100000起装备相关),类型 1金币 2钻石 3水晶 4体力 5卡牌 6卡牌碎片 7道具 8角色经验 9队伍经验 10VIP经验 11公会经验 12科技度13活跃值 14公会代币 15竞技场代币 16竞技场入场券 18原石19 初音代币 20头像框 21体力果 22时空能量 23冒险勋章 24魔力骰子 25远古货币 30庇护所 50百科知识点51百科印花 60星石货币 66天守阁代币,道具品质 0无 1白 2绿 3蓝 4紫 5橙 6红,道具icon 道具类读取item文件夹 卡牌和碎片读取角色资源中的portrait文件夹,道具名 普通都读取disstr_item 卡牌读取disstr_main,简述 普通都读取disstr_item 卡牌读取disstr_main,详情 普通都读取disstr_item 卡牌读取disstr_main,堆叠上限,出售价格 类型(1/金币/2/钻石);数量,使用后类型 类型 1金币 2钻石 3水晶 4体力 5卡牌 6卡牌碎片 7道具 8角色经验 9队伍经验 10VIP经验 11公会经验 12科技度13活跃值 14公会代币 15竞技场代币 16竞技场入场券 300庇护所行动力 301庇护所探索力 302 庇护所血量 303庇护所怒气 304庇护所复活 996礼包 997星石,使用对应id,使用对应数量,使用等级,消耗类型 1卡牌 2道具 3货币 ,消耗对应id,消耗对应数量,转跳类型 页签类型-非副本 需要用uiid系数*1000+uitype系数,转跳界面编号,有效期类型 1剩余时间 2截止日期,有效期,一键合成钻石价格 ,默认使用数量 0为最小值 1为最大值,增加亲密度,货币上限,自动换钱（出售价格为0的道具，不会配成自动换钱）,获取途径,子类型 1自动开启礼包
ID,Type,Quality,Looks,Name,Tips,Account,StackNo,Price,EffectType,EffectId,EffectNum,Level,ItemType,ItemId,ItemNum,UiType,UiId,LimitType,Limit,ComposePrice,UseNum,Intimacy,GoldLimit,MoneyOnly,Obtain,subtype
int,int,int,String,int,int,int,int,array,array,array,array,int,array,array,array,array,array,int,String,int,int,int,int,int,array,int
1,1,3,997,1,101,201,0,0;0,0,0,0,0,0,0,0,0,0,0,0,0,0,0,0,0,315,0
2,2,4,998,2,102,202,0,0;0,0,0,0,0,0,0,0,0,0,0,0,0,0,0,0,0,304,0
3,3,4,992,3,103,203,0,0;0,0,0,0,0,0,0,0,0,0,0,0,0,0,0,0,0,300;338,0
4,4,4,996,4,104,204,0,0;0,0,0,0,0,0,0,0,0,0,0,0,0,0,0,0,0,307;308;312,0
9,9,3,994,9,109,209,0,0;0,0,0,0,0,0,0,0,0,0,0,0,0,0,0,0,0,319,0
10,10,3,996,10,110,210,0,0;0,0,0,0,0,0,0,0,0,0,0,0,0,0,0,0,0,303,0
11,11,3,999,11,111,211,0,0;0,0,0,0,0,0,0,0,0,0,0,0,0,0,0,0,0,307,0
12,12,3,993,12,112,212,0,0;0,0,0,0,0,0,0,0,0,0,0,0,0,0,0,0,0,309,0
13,13,3,988,13,113,213,0,0;0,0,0,0,0,0,0,0,0,0,0,0,0,0,0,0,0,307,0
14,14,3,999,14,114,214,0,0;0,0,0,0,0,0,0,0,0,0,0,0,0,0,0,0,0,309;322,0
15,15,3,995,15,115,215,0,0;0,0,0,0,0,0,0,0,0,0,0,0,0,0,0,0,0,308,0
16,16,3,991,16,116,216,0,0;0,0,0,0,0,0,0,0,0,0,0,0,0,0,0,0,0,301;305;307,0
18,18,4,985,18,118,218,0,0;0,0,0,0,0,0,0,0,0,0,0,0,0,0,0,0,0,323,0
19,19,3,983,19,119,219,0,0;0,0,0,0,0,0,0,0,0,0,0,0,0,0,0,0,0,331,0
21,21,4,984,21,121,221,0,0;1,4,0,100,0,0,0,0,0,0,0,0,0,0,0,20,0,312,0
22,22,4,974,22,122,222,0,0;0,0,0,0,0,0,0,0,0,0,0,0,0,0,0,0,0,348,0
23,23,4,9648,23,123,223,0,0;0,0,0,0,0,0,0,0,0,0,0,0,0,0,0,0,0,351,0
24,24,4,9698,24,124,224,0,0;0,0,0,0,0,0,0,0,0,0,0,0,0,0,0,10,0,303,0
25,25,4,9708,25,125,225,0,0;0,0,0,0,0,0,0,0,8,10,0,0,0,0,0,10,0,351;350,0
30,30,3,986,30,130,230,0,0;0,0,0,0,0,0,0,0,0,0,0,0,0,0,0,0,0,325,0
31,31,4,987,31,131,231,0,0;0,0,0,0,0,0,0,0,0,0,0,0,0,0,0,0,0,325,0
40,40,4,980,40,140,240,0,0;0,0,0,0,0,0,0,0,0,0,0,0,0,0,0,0,0,351,0
50,50,3,976,50,150,250,0,0;0,0,0,0,0,0,0,0,0,0,0,0,0,0,0,0,0,338,0
60,60,4,973,60,160,260,0,0;0,0,0,0,0,0,0,0,0,0,0,0,0,0,0,0,0,352,0
66,66,4,9718,70,170,270,0,0;0,0,0,0,0,0,0,0,0,0,0,0,0,0,0,0,0,349,0
301,5,1,1,11,193200,20019,0,0;0,0,0,0,0,0,0,0,0,0,0,0,0,0,0,0,0,306;316,0
302,5,1,2,21,193200,20029,0,0;0,0,0,0,0,0,0,0,0,0,0,0,0,0,0,0,0,306;316,0
303,5,1,3,31,193202,20039,0,0;0,0,0,0,0,0,0,0,0,0,0,0,0,0,0,0,0,306;316,0
304,5,1,4,41,193204,20049,0,0;0,0,0,0,0,0,0,0,0,0,0,0,0,0,0,0,0,306;316,0
305,5,1,5,51,193201,20059,0,0;0,0,0,0,0,0,0,0,0,0,0,0,0,0,0,0,0,306;316,0
306,5,1,6,61,193201,20069,0,0;0,0,0,0,0,0,0,0,0,0,0,0,0,0,0,0,0,306;316,0
307,5,1,7,71,193200,20079,0,0;0,0,0,0,0,0,0,0,0,0,0,0,0,0,0,0,0,306;316,0
308,5,1,8,81,193201,20089,0,0;0,0,0,0,0,0,0,0,0,0,0,0,0,0,0,0,0,306;316,0
309,5,1,9,91,193201,20099,0,0;0,0,0,0,0,0,0,0,0,0,0,0,0,0,0,0,0,306;316,0
310,5,1,10,101,193204,20109,0,0;0,0,0,0,0,0,0,0,0,0,0,0,0,0,0,0,0,306;316,0
311,5,1,11,111,193203,20119,0,0;0,0,0,0,0,0,0,0,0,0,0,0,0,0,0,0,0,306;316,0
312,5,1,12,121,193204,20129,0,0;0,0,0,0,0,0,0,0,0,0,0,0,0,0,0,0,0,306;316,0
313,5,1,13,131,193203,20139,0,0;0,0,0,0,0,0,0,0,0,0,0,0,0,0,0,0,0,306;316,0
314,5,1,14,141,193204,20149,0,0;0,0,0,0,0,0,0,0,0,0,0,0,0,0,0,0,0,306;316,0
315,5,1,15,151,193201,20159,0,0;0,0,0,0,0,0,0,0,0,0,0,0,0,0,0,0,0,306;316,0
316,5,1,16,161,193200,20169,0,0;0,0,0,0,0,0,0,0,0,0,0,0,0,0,0,0,0,306;316,0
317,5,1,17,171,193202,20179,0,0;0,0,0,0,0,0,0,0,0,0,0,0,0,0,0,0,0,306;316,0
318,5,1,18,181,193200,20189,0,0;0,0,0,0,0,0,0,0,0,0,0,0,0,0,0,0,0,306;316,0
319,5,1,19,191,193203,20199,0,0;0,0,0,0,0,0,0,0,0,0,0,0,0,0,0,0,0,306;316,0
320,5,1,20,201,193201,20209,0,0;0,0,0,0,0,0,0,0,0,0,0,0,0,0,0,0,0,306;316,0
321,5,1,21,211,193204,20219,0,0;0,0,0,0,0,0,0,0,0,0,0,0,0,0,0,0,0,306;316,0
322,5,1,22,221,193201,20229,0,0;0,0,0,0,0,0,0,0,0,0,0,0,0,0,0,0,0,306;316,0
323,5,1,23,231,193204,20239,0,0;0,0,0,0,0,0,0,0,0,0,0,0,0,0,0,0,0,306;316,0
324,5,1,24,241,193200,20249,0,0;0,0,0,0,0,0,0,0,0,0,0,0,0,0,0,0,0,306;316,0
325,5,1,25,251,193202,20259,0,0;0,0,0,0,0,0,0,0,0,0,0,0,0,0,0,0,0,306;316,0
326,5,1,26,261,193203,20269,0,0;0,0,0,0,0,0,0,0,0,0,0,0,0,0,0,0,0,306;316,0
327,5,1,27,271,193200,20279,0,0;0,0,0,0,0,0,0,0,0,0,0,0,0,0,0,0,0,306;316,0
328,5,1,28,281,193204,20289,0,0;0,0,0,0,0,0,0,0,0,0,0,0,0,0,0,0,0,306;316,0
329,5,1,29,291,193200,20299,0,0;0,0,0,0,0,0,0,0,0,0,0,0,0,0,0,0,0,306;316,0
330,5,1,30,301,193200,20309,0,0;0,0,0,0,0,0,0,0,0,0,0,0,0,0,0,0,0,306;316,0
331,5,1,31,311,193203,20319,0,0;0,0,0,0,0,0,0,0,0,0,0,0,0,0,0,0,0,306;316,0
332,5,1,32,321,193200,20329,0,0;0,0,0,0,0,0,0,0,0,0,0,0,0,0,0,0,0,306;316,0
333,5,1,33,331,193202,20339,0,0;0,0,0,0,0,0,0,0,0,0,0,0,0,0,0,0,0,306;316,0
334,5,1,34,341,193203,20349,0,0;0,0,0,0,0,0,0,0,0,0,0,0,0,0,0,0,0,306;316,0
335,5,1,35,351,193201,20359,0,0;0,0,0,0,0,0,0,0,0,0,0,0,0,0,0,0,0,306;316,0
336,5,1,36,361,193200,20369,0,0;0,0,0,0,0,0,0,0,0,0,0,0,0,0,0,0,0,306;316,0
337,5,1,37,371,193201,20379,0,0;0,0,0,0,0,0,0,0,0,0,0,0,0,0,0,0,0,306;316,0
338,5,1,38,381,193202,20389,0,0;0,0,0,0,0,0,0,0,0,0,0,0,0,0,0,0,0,306;316,0
339,5,1,39,391,193203,20399,0,0;0,0,0,0,0,0,0,0,0,0,0,0,0,0,0,0,0,306;316,0
340,5,1,40,401,193201,20409,0,0;0,0,0,0,0,0,0,0,0,0,0,0,0,0,0,0,0,306;316,0
341,5,1,41,411,193200,20419,0,0;0,0,0,0,0,0,0,0,0,0,0,0,0,0,0,0,0,306;316,0
342,5,1,42,421,193202,20429,0,0;0,0,0,0,0,0,0,0,0,0,0,0,0,0,0,0,0,306;316,0
343,5,1,43,431,193202,20439,0,0;0,0,0,0,0,0,0,0,0,0,0,0,0,0,0,0,0,306;316,0
344,5,1,44,441,193201,20449,0,0;0,0,0,0,0,0,0,0,0,0,0,0,0,0,0,0,0,306;316,0
345,5,1,45,451,193202,20459,0,0;0,0,0,0,0,0,0,0,0,0,0,0,0,0,0,0,0,306;316,0
346,5,1,46,461,193203,20469,0,0;0,0,0,0,0,0,0,0,0,0,0,0,0,0,0,0,0,306;316,0
347,5,1,47,471,193203,20479,0,0;0,0,0,0,0,0,0,0,0,0,0,0,0,0,0,0,0,306;316,0
348,5,1,48,481,193204,20489,0,0;0,0,0,0,0,0,0,0,0,0,0,0,0,0,0,0,0,306;316,0
349,5,1,49,491,193204,20499,0,0;0,0,0,0,0,0,0,0,0,0,0,0,0,0,0,0,0,306;316,0
350,5,1,50,501,193202,20509,0,0;0,0,0,0,0,0,0,0,0,0,0,0,0,0,0,0,0,306;316,0
351,5,1,51,511,193203,20519,0,0;0,0,0,0,0,0,0,0,0,0,0,0,0,0,0,0,0,306;316,0
352,5,1,52,521,193200,20529,0,0;0,0,0,0,0,0,0,0,0,0,0,0,0,0,0,0,0,306;316,0
353,5,1,53,531,193200,20539,0,0;0,0,0,0,0,0,0,0,0,0,0,0,0,0,0,0,0,306;316,0
354,5,1,54,541,193201,20549,0,0;0,0,0,0,0,0,0,0,0,0,0,0,0,0,0,0,0,306;316,0
355,5,1,55,551,193202,20559,0,0;0,0,0,0,0,0,0,0,0,0,0,0,0,0,0,0,0,306;316,0
356,5,1,56,561,193204,20569,0,0;0,0,0,0,0,0,0,0,0,0,0,0,0,0,0,0,0,306;316,0
357,5,1,57,571,193201,20579,0,0;0,0,0,0,0,0,0,0,0,0,0,0,0,0,0,0,0,306;316,0
358,5,1,58,581,193200,20589,0,0;0,0,0,0,0,0,0,0,0,0,0,0,0,0,0,0,0,306;316,0
359,5,1,59,591,193203,20599,0,0;0,0,0,0,0,0,0,0,0,0,0,0,0,0,0,0,0,332,0
1000,7,3,49999,1000,2000,3000,1,0;0,0,0,0,0,0,0,0,8;4;29;29;29;29,5;2;21;39;1021;1039,0,0,0,0,0,0,0,301;302;305,0
1001,7,1,2046,1001,2001,3001,999,1;50,8,0,25,0,0,0,0,29,17,0,0,0,0,0,0,0,302;305,0
1002,7,2,2016,1002,2002,3002,999,1;100,8,0,100,0,0,0,0,29,31,0,0,0,0,0,0,0,302;305,0
1003,7,3,2018,1003,2003,3003,999,1;150,8,0,500,0,0,0,0,29,61,0,0,0,0,0,0,0,302,0
1004,7,4,2017,1004,2004,3004,999,1;200,8,0,2000,0,0,0,0,0,0,0,0,0,0,0,0,0,302,0
1007,7,4,2067,1007,2007,3007,999,1;200,9,0,1000,0,0,0,0,0,0,0,0,0,0,0,0,0,303,0
1008,7,3,2071,1008,2008,3008,999,1;150,12,0,100,0,0,0,0,0,0,0,0,0,0,0,0,0,303,0
1009,7,4,2060,1009,2009,3009,999,1;200,0,0,0,0,0,0,0,0,0,0,0,0,0,0,0,0,303,0
1010,7,4,2059,1010,2010,3010,999,1;200,0,0,0,0,0,0,0,0,0,0,0,0,0,0,0,0,303,0
1011,7,4,2059,1011,2011,3011,999,1;200,0,0,0,0,0,0,0,0,0,0,0,0,0,0,0,0,303,0
1012,7,4,2066,1012,2012,3012,999,1;200,0,0,0,0,0,0,0,0,0,0,0,0,0,0,0,0,305;311,0
1013,7,4,2061,1013,2013,3013,999,1;200,0,0,0,0,0,0,0,0,0,0,0,0,0,0,0,0,303,0
1014,7,2,989,1014,2014,3014,999,1;200,0,0,0,0,0,0,0,8,5,0,0,0,0,0,0,0,302,0
1015,7,4,990,1015,2015,3015,999,1;500,0,0,0,0,0,0,0,0,0,0,0,0,0,0,0,0,322,0
1020,7,2,2002,1020,2020,3020,999,1;10000,0,0,0,0,0,0,0,0,0,0,0,0,0,0,0,1,303,0
1021,7,3,2047,1021,2021,3021,999,1;20000,0,0,0,0,0,0,0,0,0,0,0,0,0,0,0,1,303,0
1022,7,4,2048,1022,2022,3022,999,1;200000,0,0,0,0,0,0,0,0,0,0,0,0,0,0,0,1,303,0
1023,7,4,210298,1023,2023,3023,999,1;200000,0,0,0,0,0,0,0,0,0,0,0,0,0,0,0,1,332,0
1024,7,4,994,1024,2024,3024,1,0;0,0,0,0,0,0,0,0,0,0,1,1,0,0,0,0,0,332,0
1025,7,4,994,1025,2025,3025,1,0;0,0,0,0,0,0,0,0,0,0,1,1,0,0,0,0,0,332,0
1200,7,2,1009,1200,2200,3200,999,1;50,0,0,0,0,0,0,0,29;29;29,12;24;1011,0,0,1,0,0,0,0,305,0
1201,7,3,1009,1201,2201,3201,999,1;100,0,0,0,0,0,0,0,29,32,0,0,1,0,0,0,0,305,0
1202,7,4,1009,1202,2202,3202,999,1;150,0,0,0,0,0,0,0,29;29,44;51,0,0,1,0,0,0,0,305,0
1203,7,4,1009,1203,2203,3203,999,1;200,0,0,0,0,0,0,0,29;29,56;62,0,0,1,0,0,0,0,303,0
1204,7,2,1006,1204,2204,3204,999,1;50,0,0,0,0,0,0,0,29;29;29,13;25;1012,0,0,1,0,0,0,0,305,0
1205,7,3,1006,1205,2205,3205,999,1;100,0,0,0,0,0,0,0,29,33,0,0,1,0,0,0,0,305,0
1206,7,4,1006,1206,2206,3206,999,1;150,0,0,0,0,0,0,0,29;29;29,45;1046;52,0,0,1,0,0,0,0,305,0
1207,7,4,1006,1207,2207,3207,999,1;200,0,0,0,0,0,0,0,29;29,57;63,0,0,1,0,0,0,0,303,0
1208,7,2,1011,1208,2208,3208,999,1;50,0,0,0,0,0,0,0,29;29;29,14;26;1014,0,0,1,0,0,0,0,305,0
1209,7,3,1011,1209,2209,3209,999,1;100,0,0,0,0,0,0,0,29,34,0,0,1,0,0,0,0,305,0
1210,7,4,1011,1210,2210,3210,999,1;150,0,0,0,0,0,0,0,29;29;29,46;1047;53,0,0,1,0,0,0,0,305,0
1211,7,4,1011,1211,2211,3211,999,1;200,0,0,0,0,0,0,0,29;29,57;64,0,0,1,0,0,0,0,303,0
1212,7,2,1008,1212,2212,3212,999,1;50,0,0,0,0,0,0,0,29;29;29,15;27;1015,0,0,1,0,0,0,0,305,0
1213,7,3,1008,1213,2213,3213,999,1;100,0,0,0,0,0,0,0,29;29,35;1033,0,0,1,0,0,0,0,305,0
1214,7,4,1008,1214,2214,3214,999,1;150,0,0,0,0,0,0,0,29,47,0,0,1,0,0,0,0,305,0
1215,7,4,1008,1215,2215,3215,999,1;200,0,0,0,0,0,0,0,29;29,58;65,0,0,1,0,0,0,0,303,0
1216,7,2,1010,1216,2216,3216,999,1;50,0,0,0,0,0,0,0,29;29;29,16;28;1018,0,0,1,0,0,0,0,305,0
1217,7,3,1010,1217,2217,3217,999,1;100,0,0,0,0,0,0,0,29;29,37;1036,0,0,1,0,0,0,0,305,0
1218,7,4,1010,1218,2218,3218,999,1;150,0,0,0,0,0,0,0,29;29,47;1052,0,0,1,0,0,0,0,305,0
1219,7,4,1010,1219,2219,3219,999,1;200,0,0,0,0,0,0,0,29;29,58;66,0,0,1,0,0,0,0,303,0
1220,7,1,2026,1220,2220,3220,999,1;50,0,0,0,0,0,0,0,29;29,11;19,0,0,1,0,0,0,0,305,0
1221,7,2,2049,1221,2221,3221,999,1;100,0,0,0,0,0,0,0,29;29;29,18;23;1023,0,0,1,0,0,0,0,305,0
1222,7,3,2025,1222,2222,3222,999,1;150,0,0,0,0,0,0,0,29;29;29,38;42;1038,0,0,1,0,0,0,0,305,0
1223,7,4,2028,1223,2223,3223,999,1;200,0,0,0,0,0,0,0,29;29,49;1049,0,0,1,0,0,0,0,305,0
1224,7,4,2027,1224,2224,3224,999,1;250,0,0,0,0,0,0,0,29,1057,0,0,1,0,0,0,0,303,0
1225,7,2,2050,1225,2225,3225,999,1;50,0,0,0,0,0,0,0,29;29,22;1022,0,0,1,0,0,0,0,305,0
1226,7,3,2053,1226,2226,3226,999,1;100,0,0,0,0,0,0,0,29;29,43;1042,0,0,1,0,0,0,0,305,0
1227,7,4,2052,1227,2227,3227,999,1;150,0,0,0,0,0,0,0,29,54,0,0,1,0,0,0,0,303,0
1228,7,4,2051,1228,2228,3228,999,1;200,0,0,0,0,0,0,0,29,67,0,0,1,0,0,0,0,303,0
1229,7,2,2000,1229,2229,3229,999,1;50,0,0,0,0,0,0,0,29;29,36;41,0,0,1,0,0,0,0,305,0
1230,7,3,2001,1230,2230,3230,999,1;100,0,0,0,0,0,0,0,29,48,0,0,1,0,0,0,0,305,0
1231,7,4,2005,1231,2231,3231,999,1;150,0,0,0,0,0,0,0,29,55,0,0,1,0,0,0,0,303,0
1232,7,4,2003,1232,2232,3232,999,1;200,0,0,0,0,0,0,0,0,0,0,0,1,0,0,0,0,303,0
1233,7,2,2068,1233,2233,3233,999,1;50,0,0,0,0,0,0,0,29;29,1026;1034,0,0,1,0,0,0,0,305,0
1234,7,3,2055,1234,2234,3234,999,1;100,0,0,0,0,0,0,0,29,1043,0,0,1,0,0,0,0,305,0
1235,7,4,2058,1235,2235,3235,999,1;150,0,0,0,0,0,0,0,29,1054,0,0,1,0,0,0,0,303,0
1236,7,4,2065,1236,2236,3236,999,1;200,0,0,0,0,0,0,0,0,0,0,0,1,0,0,0,0,303,0
1237,7,3,2036,1237,2237,3237,999,1;500,0,0,0,0,0,0,0,8,2,0,0,1,0,0,0,0,311,0
1238,7,4,2064,1238,2238,3238,999,1;1000,0,0,0,0,0,0,0,8,2,0,0,1,0,0,0,0,311,0
1800,7,4,1800,1800,2800,3800,999,1;50,0,0,0,0,0,0,0,4,1,0,0,1,0,0,0,0,342;348,0
1801,7,4,1801,1801,2801,3801,999,1;50,0,0,0,0,0,0,0,4,1,0,0,1,0,0,0,0,342;348,0
1802,7,4,1802,1802,2802,3802,999,1;50,0,0,0,0,0,0,0,4,1,0,0,1,0,0,0,0,342;348,0
1803,7,4,1803,1803,2803,3803,999,1;50,0,0,0,0,0,0,0,4,1,0,0,1,0,0,0,0,342;348,0
1804,7,4,1804,1804,2804,3804,999,1;50,0,0,0,0,0,0,0,4,1,0,0,1,0,0,0,0,342;348,0
1805,7,4,1805,1805,2805,3805,999,1;150,0,0,0,0,0,0,0,0,0,0,0,1,0,0,0,0,303,0
1806,7,4,1806,1806,2806,3806,999,1;150,0,0,0,0,0,0,0,0,0,0,0,1,0,0,0,0,303,0
1807,7,4,1807,1807,2807,3807,999,1;150,0,0,0,0,0,0,0,0,0,0,0,1,0,0,0,0,303,0
1808,7,4,1808,1808,2808,3808,999,1;150,0,0,0,0,0,0,0,0,0,0,0,1,0,0,0,0,303,0
1809,7,4,1809,1809,2809,3809,999,1;150,0,0,0,0,0,0,0,0,0,0,0,1,0,0,0,0,303,0
1900,7,4,2035,1900,2900,3900,999,1;200,0,0,0,0,0,0,0,0,0,0,0,0,0,0,0,0,303,0
1901,7,3,2007,1901,2901,3901,999,1;200,0,0,0,0,0,0,0,0,0,0,0,0,0,0,0,0,303,0
1902,7,3,2007,1902,2902,3902,999,1;200,0,0,0,0,0,0,0,0,0,0,0,0,0,0,0,0,303,0
1903,7,3,2007,1903,2903,3903,999,1;200,0,0,0,0,0,0,0,0,0,0,0,0,0,0,0,0,303,0
1904,7,3,2007,1904,2904,3904,999,1;200,0,0,0,0,0,0,0,0,0,0,0,0,0,0,0,0,303,0
1905,7,3,2007,1905,2905,3905,999,1;200,0,0,0,0,0,0,0,0,0,0,0,0,0,0,0,0,303,0
4006,7,3,4006,4006,4306,4606,999,1;1500,0,0,0,0,0,0,0,8;8,2;5,0,0,0,0,0,0,0,311;302,0
4008,7,4,4008,4008,4308,4608,999,1;1500,0,0,0,0,0,0,0,8;58,2;2,0,0,0,0,0,0,0,326;327;311,0
4009,7,5,4009,4009,4309,4609,999,1;400000,0,0,0,0,0,0,0,0,0,0,0,0,0,0,0,0,332,0
4010,7,5,4010,4010,4310,4610,999,1;400000,0,0,0,0,0,0,0,0,0,0,0,0,0,0,0,0,332,0
4026,7,5,4026,4011,4311,4611,999,1;400000,0,0,0,0,0,0,0,0,0,0,0,0,0,0,0,0,332,0
4028,7,5,4028,4028,4328,4628,999,1;100000,0,0,0,0,0,0,0,0,0,0,0,0,0,0,0,0,332,0
4029,7,5,4029,4029,4329,4629,999,1;100000,0,0,0,0,0,0,0,0,0,0,0,0,0,0,0,0,332,0
4030,7,5,4030,4030,4330,4630,999,1;100000,0,0,0,0,0,0,0,0,0,0,0,0,0,0,0,0,332,0
4031,7,5,4031,4031,4331,4631,999,1;200000,0,0,0,0,0,0,0,0,0,0,0,0,0,0,0,0,332,0
4032,7,5,4032,4032,4332,4632,999,1;100000,0,0,0,0,0,0,0,0,0,0,0,0,0,0,0,0,332,0
4033,7,5,4033,4033,4333,4633,999,1;100000,0,0,0,0,0,0,0,0,0,0,0,0,0,0,0,0,332,0
4034,7,5,4034,4034,4334,4634,999,1;100000,0,0,0,0,0,0,0,0,0,0,0,0,0,0,0,0,332,0
4035,7,5,4035,4035,4335,4635,999,1;400000,0,0,0,0,0,0,0,0,0,0,0,0,0,0,0,0,332,0
4036,7,5,4036,4036,4336,4636,999,1;100000,0,0,0,0,0,0,0,0,0,0,0,0,0,0,0,0,332,0
4037,7,5,4037,4037,4337,4637,999,1;100000,0,0,0,0,0,0,0,0,0,0,0,0,0,0,0,0,337,0
4038,7,5,4038,4038,4338,4638,999,1;100000,0,0,0,0,0,0,0,0,0,0,0,0,0,0,0,0,332,0
4039,7,5,4039,4039,4339,4639,999,1;200000,0,0,0,0,0,0,0,0,0,0,0,0,0,0,0,0,327,0
4040,7,5,4040,4040,4340,4640,999,1;100000,0,0,0,0,0,0,0,0,0,0,0,0,0,0,0,0,327,0
4041,7,5,4041,4041,4341,4641,999,1;100000,0,0,0,0,0,0,0,0,0,0,0,0,0,0,0,0,332,0
4042,7,5,4042,4042,4342,4642,999,1;100000,0,0,0,0,0,0,0,0,0,0,0,0,0,0,0,0,332,0
4043,7,5,4043,4043,4343,4643,999,1;100000,0,0,0,0,0,0,0,0,0,0,0,0,0,0,0,0,332,0
4044,7,5,4044,4044,4344,4644,999,1;100000,0,0,0,0,0,0,0,0,0,0,0,0,0,0,0,0,332,0
4045,7,5,4045,4045,4345,4645,999,1;100000,0,0,0,0,0,0,0,0,0,0,0,0,0,0,0,0,332,0
4046,7,5,4046,4046,4346,4646,999,1;100000,0,0,0,0,0,0,0,0,0,0,0,0,0,0,0,0,332,0
4047,7,5,4047,4047,4347,4647,999,1;100000,0,0,0,0,0,0,0,0,0,0,0,0,0,0,0,0,332,0
4048,7,5,4048,4048,4348,4648,999,1;100000,0,0,0,0,0,0,0,0,0,0,0,0,0,0,0,0,332,0
4049,7,5,4049,4049,4349,4649,999,1;100000,0,0,0,0,0,0,0,0,0,0,0,0,0,0,0,0,332,0
4050,7,5,4050,4050,4350,4650,999,1;100000,0,0,0,0,0,0,0,0,0,0,0,0,0,0,0,0,332,0
4051,7,5,4051,4051,4351,4651,999,1;400000,0,0,0,0,0,0,0,0,0,0,0,0,0,0,0,0,332,0
4052,7,5,4052,4052,4352,4652,999,1;100000,0,0,0,0,0,0,0,0,0,0,0,0,0,0,0,0,332,0
4053,7,5,4053,4053,4353,4653,999,1;100000,0,0,0,0,0,0,0,0,0,0,0,0,0,0,0,0,332,0
4054,7,5,40548,4054,4354,4654,999,1;100000,0,0,0,0,0,0,0,0,0,0,0,0,0,0,0,0,332,0
4055,7,5,40558,4055,4355,4655,999,1;100000,0,0,0,0,0,0,0,0,0,0,0,0,0,0,0,0,332,0
4056,7,5,40568,4056,4356,4656,999,1;100000,0,0,0,0,0,0,0,0,0,0,0,0,0,0,0,0,332,0
4057,7,5,40578,4057,4357,4657,999,1;100000,0,0,0,0,0,0,0,0,0,0,0,0,0,0,0,0,332,0
4058,7,5,40588,4058,4358,4658,999,1;100000,0,0,0,0,0,0,0,0,0,0,0,0,0,0,0,0,332,0
4059,7,5,40598,4059,4359,4659,999,1;100000,0,0,0,0,0,0,0,0,0,0,0,0,0,0,0,0,332,0
4060,7,5,40608,4060,4360,4660,999,1;100000,0,0,0,0,0,0,0,0,0,0,0,0,0,0,0,0,332,0
4061,7,5,40618,4061,4361,4661,999,1;100000,0,0,0,0,0,0,0,0,0,0,0,0,0,0,0,0,332,0
4062,7,5,40628,4062,4362,4662,999,1;100000,0,0,0,0,0,0,0,0,0,0,0,0,0,0,0,0,332,0
4063,7,5,40658,4063,4363,4663,999,1;100000,0,0,0,0,0,0,0,0,0,0,0,0,0,0,0,0,332,0
4064,7,5,40648,4064,4364,4664,999,1;100000,0,0,0,0,0,0,0,0,0,0,0,0,0,0,0,0,332,0
4065,7,5,40638,4065,4365,4665,999,1;400000,0,0,0,0,0,0,0,0,0,0,0,0,0,0,0,0,332,0
4066,7,5,40668,4066,4366,4666,999,1;100000,0,0,0,0,0,0,0,0,0,0,0,0,0,0,0,0,332,0
4067,7,5,40678,4067,4367,4667,999,1;100000,0,0,0,0,0,0,0,0,0,0,0,0,0,0,0,0,332,0
4068,7,5,40028,4068,4368,4668,999,1;100000,0,0,0,0,0,0,0,0,0,0,0,0,0,0,0,0,332,0
4069,7,5,40708,4069,4369,4669,999,1;400000,0,0,0,0,0,0,0,0,0,0,0,0,0,0,0,0,332,0
4070,7,5,40698,4070,4370,4670,999,1;400000,0,0,0,0,0,0,0,0,0,0,0,0,0,0,0,0,332,0
4071,7,5,40688,4071,4371,4671,999,1;400000,0,0,0,0,0,0,0,0,0,0,0,0,0,0,0,0,332,0
4072,7,5,40728,4072,4372,4672,999,1;100000,0,0,0,0,0,0,0,0,0,0,0,0,0,0,0,0,332,0
4073,7,5,40718,4073,4373,4673,999,1;100000,0,0,0,0,0,0,0,0,0,0,0,0,0,0,0,0,332,0
4074,7,5,40778,4074,4374,4674,999,1;100000,0,0,0,0,0,0,0,0,0,0,0,0,0,0,0,0,332,0
4075,7,5,40758,4075,4375,4675,999,1;100000,0,0,0,0,0,0,0,0,0,0,0,0,0,0,0,0,332,0
4076,7,5,40738,4076,4376,4676,999,1;100000,0,0,0,0,0,0,0,0,0,0,0,0,0,0,0,0,332,0
4077,7,5,40748,4077,4377,4677,999,1;100000,0,0,0,0,0,0,0,0,0,0,0,0,0,0,0,0,332,0
4078,7,5,40788,4078,4378,4678,999,1;400000,0,0,0,0,0,0,0,0,0,0,0,0,0,0,0,0,332,0
4088,7,5,40888,4088,4388,4688,999,1;400000,0,0,0,0,0,0,0,0,0,0,0,0,0,0,0,0,332,0
5000,7,4,5000,5000,5300,5600,999,0;0,0,0,0,0,0,0,0,0,0,0,0,0,0,0,0,0,309,0
5001,7,4,5001,5001,5301,5601,999,0;0,0,0,0,0,0,0,0,0,0,0,0,0,0,0,0,0,309,0
5002,7,3,5002,5002,5302,5602,999,0;0,0,0,0,0,0,0,0,0,0,0,0,0,0,0,0,0,309,0
5003,7,2,5003,5003,5303,5603,999,0;0,0,0,0,0,0,0,0,0,0,0,0,0,0,0,0,0,309,0
5005,7,3,5005,5005,5305,5605,999,1;100000,0,0,0,0,0,0,0,0,0,0,0,0,0,0,0,0,344,0
5006,7,3,210268,5006,5306,5606,999,1;100,0,0,0,0,0,0,0,0,0,0,0,0,0,0,0,0,332,0
5007,7,3,210258,5007,5307,5607,999,1;100000,0,0,0,0,0,0,0,0,0,0,0,0,0,0,0,0,332,0
5008,7,3,210338,5008,5308,5608,999,1;100000,0,0,0,0,0,0,0,0,0,0,0,0,0,0,0,0,332,0
5009,7,3,210328,5009,5309,5609,999,1;8888,0,0,0,0,0,0,0,0,0,0,0,0,0,0,0,0,332,0
5010,7,3,210348,5010,5310,5610,999,1;100000,0,0,0,0,0,0,0,0,0,0,0,0,0,0,0,0,332,0
5011,7,3,70208,5011,5311,5611,999,1;520,0,0,0,0,0,0,0,0,0,0,0,0,0,0,0,0,332,0
5012,7,3,70238,5012,5312,5612,999,1;100,0,0,0,0,0,0,0,0,0,0,0,0,0,0,0,0,332,0
5013,7,3,210358,5013,5313,5613,999,1;100000,0,0,0,0,0,0,0,0,0,0,0,0,0,0,0,0,332,0
5014,7,3,9608,5014,5314,5614,999,1;100,0,0,0,0,0,0,0,0,0,0,0,0,0,0,0,0,332,0
5015,7,3,9618,5015,5315,5615,999,1;100,0,0,0,0,0,0,0,0,0,0,0,0,0,0,0,0,332,0
5016,7,3,9628,5016,5316,5616,999,1;100,0,0,0,0,0,0,0,0,0,0,0,0,0,0,0,0,332,0
5017,7,3,9558,5017,5317,5617,999,1;100,0,0,0,0,0,0,0,0,0,0,0,0,0,0,0,0,332,0
5018,7,3,9568,5018,5318,5618,999,1;100,0,0,0,0,0,0,0,0,0,0,0,0,0,0,0,0,332,0
5019,7,3,9578,5019,5319,5619,999,1;100,0,0,0,0,0,0,0,0,0,0,0,0,0,0,0,0,332,0
5020,7,4,210318,5020,5320,5620,999,1;100,0,0,0,0,0,0,0,0,0,0,0,0,0,0,0,0,332,0
5200,7,3,982,5200,5500,5800,9999,1;10,0,0,0,0,0,0,0,0,0,0,0,0,0,0,0,0,333,0
5201,7,3,979,5201,5501,5801,9999,1;10,0,0,0,0,0,0,0,0,0,0,0,0,0,0,0,0,336,0
5202,7,3,3005,5202,5502,5802,9999,1;10,0,0,0,0,0,0,0,0,0,0,0,0,0,0,0,0,318;325;342;343,0
5203,7,3,3004,5203,5503,5803,9999,1;10,0,0,0,0,0,0,0,0,0,0,0,0,0,0,0,0,344,0
5204,7,3,3007,5204,5504,5804,9999,1;10,0,0,0,0,0,0,0,0,0,0,0,0,0,0,0,0,345,0
5205,7,3,3002,5205,5505,5805,9999,1;10,0,0,0,0,0,0,0,0,0,0,0,0,0,0,0,0,347,0
5206,7,3,3001,5206,5506,5806,9999,1;10,0,0,0,0,0,0,0,0,0,0,0,0,0,0,0,0,347,0
5207,7,3,3000,5207,5507,5807,9999,1;10,0,0,0,0,0,0,0,0,0,0,0,0,0,0,0,0,347,0
6000,7,5,6000,6000,6300,6600,999,0;0,0,0,0,0,0,0,0,0,0,0,0,0,0,0,0,0,335;338,0
6001,6,5,1,6001,6301,6601,999,0;0,0,0,0,0,0,0,0,1;24;43,0,0,0,0,0,0,0,0,306;310;322,0
6002,6,4,2,6002,6302,6602,999,0;0,0,0,0,0,0,0,0,1;24;43;57,0,0,0,0,0,0,0,0,306;310;322,0
6003,6,4,3,6003,6303,6603,999,0;0,0,0,0,0,0,0,0,1;24;43,0,0,0,0,0,0,0,0,306;310;322,0
6004,6,5,4,6004,6304,6604,999,0;0,0,0,0,0,0,0,0,1;24;43,0,0,0,0,0,0,0,0,306;310;322,0
6005,6,4,5,6005,6305,6605,999,0;0,0,0,0,0,0,0,0,1;24;29;43,0;0;1058;0,0,0,0,0,0,0,0,305;306;310;322,0
6006,6,4,6,6006,6306,6606,999,0;0,0,0,0,0,0,0,0,1;24;29;43,0;0;1055;0,0,0,0,0,0,0,0,305;306;310;322,0
6007,6,4,7,6007,6307,6607,999,0;0,0,0,0,0,0,0,0,1;24;29;43,0;0;1053;0,0,0,0,0,0,0,0,305;306;310;322,0
6008,6,4,8,6008,6308,6608,999,0;0,0,0,0,0,0,0,0,1;24;29;43,0;0;1017;0,0,0,0,0,0,0,0,305;306;310;322,0
6009,6,4,9,6009,6309,6609,999,0;0,0,0,0,0,0,0,0,1;24;29;43,0;0;1037;0,0,0,0,0,0,0,0,305;306;310;322,0
6010,6,4,10,6010,6310,6610,999,0;0,0,0,0,0,0,0,0,1;24;29;43,0;0;1016;0,0,0,0,0,0,0,0,305;306;310;322,0
6011,6,4,11,6011,6311,6611,999,0;0,0,0,0,0,0,0,0,1;24;43,0,0,0,0,0,0,0,0,306;310;322,0
6012,6,5,12,6012,6312,6612,999,0;0,0,0,0,0,0,0,0,1;24;8;43,0;0;10;0,0,0,0,0,0,0,0,306;310;321;322,0
6013,6,4,13,6013,6313,6613,999,0;0,0,0,0,0,0,0,0,1;24;29;43,0;0;1025;0,0,0,0,0,0,0,0,305;306;310;322,0
6014,6,4,14,6014,6314,6614,999,0;0,0,0,0,0,0,0,0,1;24;29;43,0;0;1031;0,0,0,0,0,0,0,0,305;306;310;322,0
6015,6,4,15,6015,6315,6615,999,0;0,0,0,0,0,0,0,0,1;24;43,0,0,0,0,0,0,0,0,306;310;322,0
6016,6,4,16,6016,6316,6616,999,0;0,0,0,0,0,0,0,0,1;24;29;43,0;0;1041;0,0,0,0,0,0,0,0,305;306;310;322,0
6017,6,4,17,6017,6317,6617,999,0;0,0,0,0,0,0,0,0,1;24;29;43,0;0;1024;0,0,0,0,0,0,0,0,305;306;310;322,0
6018,6,4,18,6018,6318,6618,999,0;0,0,0,0,0,0,0,0,1;24;29;43,0;0;1067;0,0,0,0,0,0,0,0,305;306;310;322,0
6019,6,4,19,6019,6319,6619,999,0;0,0,0,0,0,0,0,0,1;24;29;43,0;0;1032;0,0,0,0,0,0,0,0,305;306;310;322,0
6020,6,4,20,6020,6320,6620,999,0;0,0,0,0,0,0,0,0,1;24;43,0,0,0,0,0,0,0,0,306;310;322,0
6021,6,4,21,6021,6321,6621,999,0;0,0,0,0,0,0,0,0,1;24;29;43,0;0;1062;0,0,0,0,0,0,0,0,305;306;310;322,0
6022,6,4,22,6022,6322,6622,999,0;0,0,0,0,0,0,0,0,1;24;29;43,0;0;1028;0,0,0,0,0,0,0,0,305;306;310;322,0
6023,6,4,23,6023,6323,6623,999,0;0,0,0,0,0,0,0,0,1;24;29;43,0;0;1056;0,0,0,0,0,0,0,0,305;306;310;322,0
6024,6,4,24,6024,6324,6624,999,0;0,0,0,0,0,0,0,0,1;24;29;43,0;0;1061;0,0,0,0,0,0,0,0,305;306;310;322,0
6025,6,5,25,6025,6325,6625,999,0;0,0,0,0,0,0,0,0,1;24;29;43,0;0;1045;0,0,0,0,0,0,0,0,305;306;310;322,0
6026,6,4,26,6026,6326,6626,999,0;0,0,0,0,0,0,0,0,1;24;43,0,0,0,0,0,0,0,0,306;310;322,0
6027,6,4,27,6027,6327,6627,999,0;0,0,0,0,0,0,0,0,1;24;29;43,0;0;1051;0,0,0,0,0,0,0,0,305;306;310;322,0
6028,6,4,28,6028,6328,6628,999,0;0,0,0,0,0,0,0,0,1;24;29;43,0;0;1048;0,0,0,0,0,0,0,0,305;306;310;322,0
6029,6,4,29,6029,6329,6629,999,0;0,0,0,0,0,0,0,0,1;24;43,0,0,0,0,0,0,0,0,306;310;322,0
6030,6,4,30,6030,6330,6630,999,0;0,0,0,0,0,0,0,0,1;24;29;43,0;0;1013;0,0,0,0,0,0,0,0,305;306;310;322,0
6031,6,5,31,6031,6331,6631,999,0;0,0,0,0,0,0,0,0,1;24;29;43,0;0;1063;0,0,0,0,0,0,0,0,305;306;310;322,0
6032,6,4,32,6032,6332,6632,999,0;0,0,0,0,0,0,0,0,1;24;43,0,0,0,0,0,0,0,0,306;310;322,0
6033,6,4,33,6033,6333,6633,999,0;0,0,0,0,0,0,0,0,1;24;29;43,0;0;1064;0,0,0,0,0,0,0,0,305;306;310;322,0
6034,6,4,34,6034,6334,6634,999,0;0,0,0,0,0,0,0,0,1;24;29;43,0;0;1044;0,0,0,0,0,0,0,0,305;306;310;322,0
6035,6,5,35,6035,6335,6635,999,0;0,0,0,0,0,0,0,0,1;24;43,0,0,0,0,0,0,0,0,306;310;322,0
6036,6,4,36,6036,6336,6636,999,0;0,0,0,0,0,0,0,0,1;24;29;43,0;0;1019;0,0,0,0,0,0,0,0,305;306;310;322,0
6037,6,4,37,6037,6337,6637,999,0;0,0,0,0,0,0,0,0,1;24;29;43,0;0;1035;0,0,0,0,0,0,0,0,305;306;310;322,0
6038,6,4,38,6038,6338,6638,999,0;0,0,0,0,0,0,0,0,1;24;29;43,0;0;1027;0,0,0,0,0,0,0,0,305;306;310;322,0
6039,6,4,39,6039,6339,6639,999,0;0,0,0,0,0,0,0,0,1;24;43,0,0,0,0,0,0,0,0,306;310;322,0
6040,6,5,40,6040,6340,6640,999,0;0,0,0,0,0,0,0,0,1;24;8,0;0;2,0,0,0,0,0,0,0,306;310;311;322,0
6041,6,4,41,6041,6341,6641,999,0;0,0,0,0,0,0,0,0,1;24;8;43,0;0;10;0,0,0,0,0,0,0,0,306;310;321;322,0
6042,6,4,42,6042,6342,6642,999,0;0,0,0,0,0,0,0,0,1;24;43,0,0,0,0,0,0,0,0,306;310;322,0
6043,6,4,43,6043,6343,6643,999,0;0,0,0,0,0,0,0,0,1;24;43,0,0,0,0,0,0,0,0,306;310;322,0
6044,6,4,44,6044,6344,6644,999,0;0,0,0,0,0,0,0,0,1;24;29;43,0;0;1065;0,0,0,0,0,0,0,0,305;306;310;322,0
6045,6,5,45,6045,6345,6645,999,0;0,0,0,0,0,0,0,0,1;24;43,0,0,0,0,0,0,0,0,306;310;322,0
6046,6,4,46,6046,6346,6646,999,0;0,0,0,0,0,0,0,0,1;24;43,0,0,0,0,0,0,0,0,306;310;322,0
6047,6,4,47,6047,6347,6647,999,0;0,0,0,0,0,0,0,0,1;24;43,0,0,0,0,0,0,0,0,306;310;322,0
6048,6,4,48,6048,6348,6648,999,0;0,0,0,0,0,0,0,0,1;24;29;43,0;0;1066;0,0,0,0,0,0,0,0,305;306;310;322,0
6049,6,5,49,6049,6349,6649,999,0;0,0,0,0,0,0,0,0,1;24;43,0,0,0,0,0,0,0,0,306;310;322,0
6050,6,4,50,6050,6350,6650,999,0;0,0,0,0,0,0,0,0,1;24;43,0,0,0,0,0,0,0,0,306;310;322,0
6051,6,5,51,6051,6351,6651,999,0;0,0,0,0,0,0,0,0,1;24;43,0,0,0,0,0,0,0,0,306;310;322,0
6052,6,5,52,6052,6352,6652,999,0;0,0,0,0,0,0,0,0,24;43,0,0,0,0,0,0,0,0,310;322,0
6053,6,4,53,6053,6353,6653,999,0;0,0,0,0,0,0,0,0,1;24;43,0,0,0,0,0,0,0,0,306;310;322,0
6054,6,5,54,6054,6354,6654,999,0;0,0,0,0,0,0,0,0,1;24;43,0,0,0,0,0,0,0,0,306;310;322,0
6055,6,4,55,6055,6355,6655,999,0;0,0,0,0,0,0,0,0,24;43,0,0,0,0,0,0,0,0,310;322,0
6056,6,4,56,6056,6356,6656,999,0;0,0,0,0,0,0,0,0,24;43,0,0,0,0,0,0,0,0,310;322,0
6057,6,5,57,6057,6357,6657,999,0;0,0,0,0,0,0,0,0,24;43,0,0,0,0,0,0,0,0,310;322,0
6058,6,5,58,6058,6358,6658,999,0;0,0,0,0,0,0,0,0,24;43,0,0,0,0,0,0,0,0,310;322,0
6059,6,5,59,6059,6359,6659,999,0;0,0,0,0,0,0,0,0,1;24;43,0,0,0,0,0,0,0,0,306;310;322,0
6060,6,4,60,6060,6360,6660,999,0;0,0,0,0,0,0,0,0,24;43,0,0,0,0,0,0,0,0,310;322,0
6061,6,4,61,6061,6361,6661,999,0;0,0,0,0,0,0,0,0,24;43,0,0,0,0,0,0,0,0,310;322,0
6062,6,5,62,6062,6362,6662,999,0;0,0,0,0,0,0,0,0,24;43,0,0,0,0,0,0,0,0,310;322,0
6063,6,4,63,6063,6363,6663,999,0;0,0,0,0,0,0,0,0,24;43,0,0,0,0,0,0,0,0,310;322,0
6064,6,4,64,6064,6364,6664,999,0;0,0,0,0,0,0,0,0,24;43,0,0,0,0,0,0,0,0,310;322,0
6065,6,4,65,6065,6365,6665,999,0;0,0,0,0,0,0,0,0,24;43,0,0,0,0,0,0,0,0,310;322,0
6066,6,4,66,6066,6366,6666,999,0;0,0,0,0,0,0,0,0,24;43,0,0,0,0,0,0,0,0,310;322,0
6067,6,5,67,6067,6367,6667,999,0;0,0,0,0,0,0,0,0,24;43,0,0,0,0,0,0,0,0,310;322,0
6068,6,5,68,6068,6368,6668,999,0;0,0,0,0,0,0,0,0,24;43,0,0,0,0,0,0,0,0,310;322,0
6069,6,5,69,6069,6369,6669,999,0;0,0,0,0,0,0,0,0,24;43,0,0,0,0,0,0,0,0,310;322,0
6070,6,4,70,6070,6370,6670,999,0;0,0,0,0,0,0,0,0,24;43,0,0,0,0,0,0,0,0,310;322,0
6071,6,5,71,6071,6371,6671,999,0;0,0,0,0,0,0,0,0,24;43,0,0,0,0,0,0,0,0,310;322,0
6072,6,5,72,6072,6372,6672,999,0;0,0,0,0,0,0,0,0,24;43,0,0,0,0,0,0,0,0,310;322,0
7001,7,4,7001,7001,7301,7601,999,1;500,0,0,0,0,0,0,0,8;58,3;2,0,0,0,0,100,0,0,317;325;330;327,0
7002,7,3,7002,7002,7302,7602,999,1;500,0,0,0,0,0,0,0,8,3,0,0,0,0,50,0,0,317;325;330,0
7003,7,3,7003,7003,7303,7603,999,1;500,0,0,0,0,0,0,0,8,3,0,0,0,0,50,0,0,317;325;330,0
7004,7,3,7004,7004,7304,7604,999,1;500,0,0,0,0,0,0,0,8,3,0,0,0,0,50,0,0,317;325;330,0
7005,7,3,7005,7005,7305,7605,999,1;500,0,0,0,0,0,0,0,8,3,0,0,0,0,50,0,0,317;325;330,0
7006,7,3,7006,7006,7306,7606,999,1;500,0,0,0,0,0,0,0,8,10,0,0,0,0,50,0,0,321,0
7007,7,3,7007,7007,7307,7607,999,1;500,0,0,0,0,0,0,0,8,10,0,0,0,0,50,0,0,321,0
7008,7,3,7008,7008,7308,7608,999,1;500,0,0,0,0,0,0,0,8,10,0,0,0,0,50,0,0,321,0
7009,7,3,7009,7009,7309,7609,999,1;500,0,0,0,0,0,0,0,8,10,0,0,0,0,50,0,0,321,0
7010,7,3,7010,7010,7310,7610,999,1;500,0,0,0,0,0,0,0,8,10,0,0,0,0,50,0,0,321,0
7011,7,3,7011,7011,7311,7611,999,1;500,0,0,0,0,0,0,0,8,10,0,0,0,0,50,0,0,321,0
7012,7,3,7012,7012,7312,7612,999,1;500,0,0,0,0,0,0,0,8,10,0,0,0,0,50,0,0,321,0
7013,7,3,7013,7013,7313,7613,999,1;500,0,0,0,0,0,0,0,8,3,0,0,0,0,50,0,0,317;325;330,0
7014,7,3,7014,7014,7314,7614,999,1;500,0,0,0,0,0,0,0,8,10,0,0,0,0,50,0,0,321,0
7015,7,3,7015,7015,7315,7615,999,1;500,0,0,0,0,0,0,0,8,10,0,0,0,0,50,0,0,321,0
7016,7,3,7016,7016,7316,7616,999,1;500,0,0,0,0,0,0,0,8,10,0,0,0,0,50,0,0,321,0
7017,7,3,7017,7017,7317,7617,999,1;500,0,0,0,0,0,0,0,8,10,0,0,0,0,50,0,0,321,0
7018,7,3,7018,7018,7318,7618,999,1;500,0,0,0,0,0,0,0,8,10,0,0,0,0,50,0,0,321,0
8000,20,5,8003,8000,8300,8600,999,1;500,0,0,0,0,0,0,0,0,0,0,0,0,0,0,0,0,329,0
8001,20,5,8001,8001,8301,8601,999,1;500,0,0,0,0,0,0,0,3,0,0,0,0,0,0,0,0,324,0
8002,20,5,8002,8002,8302,8602,999,1;500,0,0,0,0,0,0,0,3,0,0,0,0,0,0,0,0,324,0
8004,20,5,8004,8004,8304,8604,999,1;500,0,0,0,0,0,0,0,0,0,0,0,0,0,0,0,0,303,0
8005,20,5,8005,8005,8305,8605,999,1;500,0,0,0,0,0,0,0,58,1,0,0,0,0,0,0,0,328,0
8006,20,5,8006,8006,8306,8606,999,1;500,0,0,0,0,0,0,0,0,0,0,0,0,0,0,0,0,303,0
8007,20,5,8007,8007,8307,8607,999,1;500,0,0,0,0,0,0,0,0,0,0,0,0,0,0,0,0,303,0
8008,20,4,8008,8008,8308,8608,999,1;500,0,0,0,0,0,0,0,0,0,0,0,0,0,0,0,0,303,0
8009,20,4,8009,8009,8309,8609,999,1;500,0,0,0,0,0,0,0,0,0,0,0,0,0,0,0,0,303,0
8010,20,4,8010,8010,8310,8610,999,1;500,0,0,0,0,0,0,0,0,0,0,0,0,0,0,0,0,303,0
8011,20,4,8011,8011,8311,8611,999,1;500,0,0,0,0,0,0,0,0,0,0,0,0,0,0,0,0,303,0
8012,20,4,8012,8012,8312,8612,999,1;500,0,0,0,0,0,0,0,0,0,0,0,0,0,0,0,0,303,0
8013,20,4,8013,8013,8313,8613,999,1;500,0,0,0,0,0,0,0,0,0,0,0,0,0,0,0,0,303,0
8014,20,4,8014,8014,8314,8614,999,1;500,0,0,0,0,0,0,0,0,0,0,0,0,0,0,0,0,303,0
8015,20,4,8015,8015,8315,8615,999,1;500,0,0,0,0,0,0,0,57,0,0,0,0,0,0,0,0,303,0
8016,20,4,8016,8016,8316,8616,999,1;500,0,0,0,0,0,0,0,0,0,0,0,0,0,0,0,0,303,0
8017,20,4,8017,8017,8317,8617,999,1;500,0,0,0,0,0,0,0,0,0,0,0,0,0,0,0,0,303,0
8018,20,4,8018,8018,8318,8618,999,1;500,0,0,0,0,0,0,0,0,0,0,0,0,0,0,0,0,303,0
8019,20,4,8019,8019,8319,8619,999,1;500,0,0,0,0,0,0,0,0,0,0,0,0,0,0,0,0,303,0
8020,20,4,8020,8020,8320,8620,999,1;500,0,0,0,0,0,0,0,0,0,0,0,0,0,0,0,0,303,0
8021,20,4,8021,8021,8321,8621,999,1;500,0,0,0,0,0,0,0,0,0,0,0,0,0,0,0,0,303,0
8022,20,4,8022,8022,8322,8622,999,1;500,0,0,0,0,0,0,0,0,0,0,0,0,0,0,0,0,327,0
8023,20,4,8023,8023,8323,8623,999,1;500,0,0,0,0,0,0,0,0,0,0,0,0,0,0,0,0,332,0
8024,20,4,8024,8024,8324,8624,999,1;500,0,0,0,0,0,0,0,0,0,0,0,0,0,0,0,0,340,0
8025,20,4,8025,8025,8325,8625,999,1;500,0,0,0,0,0,0,0,0,0,0,0,0,0,0,0,0,341,0
8026,20,4,8026,8026,8326,8626,999,1;500,0,0,0,0,0,0,0,0,0,0,0,0,0,0,0,0,332,0
8027,20,4,8027,8027,8327,8627,999,1;500,0,0,0,0,0,0,0,0,0,0,0,0,0,0,0,0,332,0
8028,20,4,8028,8028,8328,8628,999,1;500,0,0,0,0,0,0,0,0,0,0,0,0,0,0,0,0,332,0
8030,20,4,8030,8030,8330,8630,999,1;500,0,0,0,0,0,0,0,0,0,0,0,0,0,0,0,0,332,0
8031,20,4,8031,8031,8331,8631,999,1;500,0,0,0,0,0,0,0,0,0,0,0,0,0,0,0,0,341,0
8032,20,4,8032,8032,8332,8632,999,1;500,0,0,0,0,0,0,0,0,0,0,0,0,0,0,0,0,332,0
8033,20,4,80338,8033,8333,8633,999,1;500,0,0,0,0,0,0,0,0,0,0,0,0,0,0,0,0,332,0
8034,20,4,80348,8034,8334,8634,999,1;500,0,0,0,0,0,0,0,0,0,0,0,0,0,0,0,0,349,0
8035,20,4,80358,8035,8335,8635,999,1;500,0,0,0,0,0,0,0,0,0,0,0,0,0,0,0,0,332,0
8036,20,4,80368,8036,8336,8636,999,1;500,0,0,0,0,0,0,0,0,0,0,0,0,0,0,0,0,332,0
8037,20,4,80378,8037,8337,8637,999,1;500,0,0,0,0,0,0,0,0,0,0,0,0,0,0,0,0,332,0
8038,20,4,80388,8038,8338,8638,999,1;500,0,0,0,0,0,0,0,0,0,0,0,0,0,0,0,0,332,0
8039,20,4,80398,8039,8339,8639,999,1;500,0,0,0,0,0,0,0,0,0,0,0,0,0,0,0,0,332,0
8040,20,4,80408,8040,8340,8640,999,1;500,0,0,0,0,0,0,0,0,0,0,0,0,0,0,0,0,332,0
8041,20,4,80418,8041,8341,8641,999,1;500,0,0,0,0,0,0,0,0,0,0,0,0,0,0,0,0,332,0
8042,20,4,80428,8042,8342,8642,999,1;500,0,0,0,0,0,0,0,0,0,0,0,0,0,0,0,0,332,0
8043,20,4,80438,8043,8343,8643,999,1;500,0,0,0,0,0,0,0,0,0,0,0,0,0,0,0,0,332,0
8044,20,4,80468,8044,8344,8644,999,1;500,0,0,0,0,0,0,0,0,0,0,0,0,0,0,0,0,332,0
8045,20,4,80448,8045,8345,8645,999,1;500,0,0,0,0,0,0,0,0,0,0,0,0,0,0,0,0,332,0
8046,20,4,80458,8046,8346,8646,999,1;500,0,0,0,0,0,0,0,0,0,0,0,0,0,0,0,0,332,0
8088,20,4,80888,8088,8388,8688,999,1;500,0,0,0,0,0,0,0,0,0,0,0,0,0,0,0,0,332,0
9000,7,4,978,9000,9300,9600,999,0;0,0,0,0,0,0,0,0,0,0,0,0,0,0,0,0,0,336,0
9001,51,5,a200101,80010,151,251,1,0;0,0,0,0,0,0,0,0,0,0,0,0,0,0,0,0,0,338,0
9002,51,5,a200102,80011,151,251,1,0;0,0,0,0,0,0,0,0,0,0,0,0,0,0,0,0,0,338,0
9003,51,5,a200201,80020,151,251,1,0;0,0,0,0,0,0,0,0,0,0,0,0,0,0,0,0,0,338,0
9004,51,5,a200202,80021,151,251,1,0;0,0,0,0,0,0,0,0,0,0,0,0,0,0,0,0,0,338,0
9005,51,5,a200301,80030,151,251,1,0;0,0,0,0,0,0,0,0,0,0,0,0,0,0,0,0,0,338,0
9006,51,5,a200302,80031,151,251,1,0;0,0,0,0,0,0,0,0,0,0,0,0,0,0,0,0,0,338,0
9007,51,5,a200401,80040,151,251,1,0;0,0,0,0,0,0,0,0,0,0,0,0,0,0,0,0,0,338,0
9008,51,5,a200501,80050,151,251,1,0;0,0,0,0,0,0,0,0,0,0,0,0,0,0,0,0,0,338,0
9009,51,5,a200601,80060,151,251,1,0;0,0,0,0,0,0,0,0,0,0,0,0,0,0,0,0,0,338,0
9010,51,5,a200602,80061,151,251,1,0;0,0,0,0,0,0,0,0,0,0,0,0,0,0,0,0,0,338,0
9011,51,5,a200701,80070,151,251,1,0;0,0,0,0,0,0,0,0,0,0,0,0,0,0,0,0,0,338,0
9012,51,5,a200702,80071,151,251,1,0;0,0,0,0,0,0,0,0,0,0,0,0,0,0,0,0,0,338,0
9013,51,5,a200801,80080,151,251,1,0;0,0,0,0,0,0,0,0,0,0,0,0,0,0,0,0,0,338,0
9014,51,5,a200901,80090,151,251,1,0;0,0,0,0,0,0,0,0,0,0,0,0,0,0,0,0,0,338,0
9015,51,5,a201001,80100,151,251,1,0;0,0,0,0,0,0,0,0,0,0,0,0,0,0,0,0,0,338,0
9016,51,5,a201201,80120,151,251,1,0;0,0,0,0,0,0,0,0,0,0,0,0,0,0,0,0,0,338,0
9017,51,5,a201202,80121,151,251,1,0;0,0,0,0,0,0,0,0,0,0,0,0,0,0,0,0,0,338,0
9018,51,5,a201301,80130,151,251,1,0;0,0,0,0,0,0,0,0,0,0,0,0,0,0,0,0,0,338,0
9019,51,5,a201401,80140,151,251,1,0;0,0,0,0,0,0,0,0,0,0,0,0,0,0,0,0,0,338,0
9020,51,5,a201501,80150,151,251,1,0;0,0,0,0,0,0,0,0,0,0,0,0,0,0,0,0,0,338,0
9021,51,5,a201601,80160,151,251,1,0;0,0,0,0,0,0,0,0,0,0,0,0,0,0,0,0,0,338,0
9022,51,5,a201701,80170,151,251,1,0;0,0,0,0,0,0,0,0,0,0,0,0,0,0,0,0,0,338,0
9023,51,5,a201801,80180,151,251,1,0;0,0,0,0,0,0,0,0,0,0,0,0,0,0,0,0,0,338,0
9024,51,5,a201901,80190,151,251,1,0;0,0,0,0,0,0,0,0,0,0,0,0,0,0,0,0,0,338,0
9025,51,5,a202101,80210,151,251,1,0;0,0,0,0,0,0,0,0,0,0,0,0,0,0,0,0,0,338,0
9026,51,5,a202201,80220,151,251,1,0;0,0,0,0,0,0,0,0,0,0,0,0,0,0,0,0,0,338,0
9027,51,5,a202301,80230,151,251,1,0;0,0,0,0,0,0,0,0,0,0,0,0,0,0,0,0,0,338,0
9028,51,5,a202401,80240,151,251,1,0;0,0,0,0,0,0,0,0,0,0,0,0,0,0,0,0,0,338,0
9029,51,5,a202402,80241,151,251,1,0;0,0,0,0,0,0,0,0,0,0,0,0,0,0,0,0,0,338,0
9030,51,5,a202501,80250,151,251,1,0;0,0,0,0,0,0,0,0,0,0,0,0,0,0,0,0,0,338,0
9031,51,5,a202701,80270,151,251,1,0;0,0,0,0,0,0,0,0,0,0,0,0,0,0,0,0,0,338,0
9032,51,5,a202801,80280,151,251,1,0;0,0,0,0,0,0,0,0,0,0,0,0,0,0,0,0,0,338,0
9033,51,5,a202901,80290,151,251,1,0;0,0,0,0,0,0,0,0,0,0,0,0,0,0,0,0,0,338,0
9034,51,5,a203001,80300,151,251,1,0;0,0,0,0,0,0,0,0,0,0,0,0,0,0,0,0,0,338,0
9035,51,5,a203002,80301,151,251,1,0;0,0,0,0,0,0,0,0,0,0,0,0,0,0,0,0,0,338,0
9036,51,5,a203101,80310,151,251,1,0;0,0,0,0,0,0,0,0,0,0,0,0,0,0,0,0,0,338,0
9037,51,5,a203301,80330,151,251,1,0;0,0,0,0,0,0,0,0,0,0,0,0,0,0,0,0,0,338,0
9038,51,5,a203401,80340,151,251,1,0;0,0,0,0,0,0,0,0,0,0,0,0,0,0,0,0,0,338,0
9039,51,5,a203501,80350,151,251,1,0;0,0,0,0,0,0,0,0,0,0,0,0,0,0,0,0,0,338,0
9040,51,5,a203502,80351,151,251,1,0;0,0,0,0,0,0,0,0,0,0,0,0,0,0,0,0,0,338,0
9041,51,5,a203601,80360,151,251,1,0;0,0,0,0,0,0,0,0,0,0,0,0,0,0,0,0,0,338,0
9042,51,5,a203701,80370,151,251,1,0;0,0,0,0,0,0,0,0,0,0,0,0,0,0,0,0,0,338,0
9043,51,5,a203702,80371,151,251,1,0;0,0,0,0,0,0,0,0,0,0,0,0,0,0,0,0,0,338,0
9044,51,5,a203801,80380,151,251,1,0;0,0,0,0,0,0,0,0,0,0,0,0,0,0,0,0,0,338,0
9045,51,5,a203901,80390,151,251,1,0;0,0,0,0,0,0,0,0,0,0,0,0,0,0,0,0,0,338,0
9046,51,5,a204001,80400,151,251,1,0;0,0,0,0,0,0,0,0,0,0,0,0,0,0,0,0,0,338,0
9047,51,5,a204101,80410,151,251,1,0;0,0,0,0,0,0,0,0,0,0,0,0,0,0,0,0,0,338,0
9048,51,5,a204301,80430,151,251,1,0;0,0,0,0,0,0,0,0,0,0,0,0,0,0,0,0,0,338,0
9049,51,5,a204302,80431,151,251,1,0;0,0,0,0,0,0,0,0,0,0,0,0,0,0,0,0,0,338,0
9050,51,5,a204501,80450,151,251,1,0;0,0,0,0,0,0,0,0,0,0,0,0,0,0,0,0,0,338,0
9051,51,5,a204201,80420,151,251,1,0;0,0,0,0,0,0,0,0,0,0,0,0,0,0,0,0,0,338,0
9052,51,5,a200203,80020,151,251,1,0;0,0,0,0,0,0,0,0,0,0,0,0,0,0,0,0,0,338,0
9053,51,5,a200204,80021,151,251,1,0;0,0,0,0,0,0,0,0,0,0,0,0,0,0,0,0,0,338,0
9054,51,5,a200303,80030,151,251,1,0;0,0,0,0,0,0,0,0,0,0,0,0,0,0,0,0,0,338,0
9055,51,5,a200304,80031,151,251,1,0;0,0,0,0,0,0,0,0,0,0,0,0,0,0,0,0,0,338,0
9056,51,5,a200703,80070,151,251,1,0;0,0,0,0,0,0,0,0,0,0,0,0,0,0,0,0,0,338,0
9057,51,5,a200704,80071,151,251,1,0;0,0,0,0,0,0,0,0,0,0,0,0,0,0,0,0,0,338,0
9058,51,5,a201302,80130,151,251,1,0;0,0,0,0,0,0,0,0,0,0,0,0,0,0,0,0,0,338,0
9059,51,5,a201303,80130,151,251,1,0;0,0,0,0,0,0,0,0,0,0,0,0,0,0,0,0,0,338,0
9060,51,5,a203703,80370,151,251,1,0;0,0,0,0,0,0,0,0,0,0,0,0,0,0,0,0,0,338,0
9061,51,5,a201902,80190,151,251,1,0;0,0,0,0,0,0,0,0,0,0,0,0,0,0,0,0,0,338,0
9062,51,5,a201903,80190,151,251,1,0;0,0,0,0,0,0,0,0,0,0,0,0,0,0,0,0,0,338,0
9063,51,5,a204400,80440,151,251,1,0;0,0,0,0,0,0,0,0,0,0,0,0,0,0,0,0,0,338,0
9064,51,5,a204700,80470,151,251,1,0;0,0,0,0,0,0,0,0,0,0,0,0,0,0,0,0,0,338,0
9065,51,5,a204704,80470,151,251,1,0;0,0,0,0,0,0,0,0,0,0,0,0,0,0,0,0,0,338,0
9066,51,5,a204805,80480,151,251,1,0;0,0,0,0,0,0,0,0,0,0,0,0,0,0,0,0,0,338,0
9067,51,5,a204900,80490,151,251,1,0;0,0,0,0,0,0,0,0,0,0,0,0,0,0,0,0,0,338,0
9068,51,5,a205001,80500,151,251,1,0;0,0,0,0,0,0,0,0,0,0,0,0,0,0,0,0,0,338,0
9069,51,5,a205003,80500,151,251,1,0;0,0,0,0,0,0,0,0,0,0,0,0,0,0,0,0,0,338,0
9070,51,5,a205101,80510,151,251,1,0;0,0,0,0,0,0,0,0,0,0,0,0,0,0,0,0,0,338,0
9071,51,5,a205103,80510,151,251,1,0;0,0,0,0,0,0,0,0,0,0,0,0,0,0,0,0,0,338,0
9072,51,5,a205500,80550,151,251,1,0;0,0,0,0,0,0,0,0,0,0,0,0,0,0,0,0,0,338,0
9073,51,5,a205900,80590,151,251,1,0;0,0,0,0,0,0,0,0,0,0,0,0,0,0,0,0,0,338,0
9074,51,5,a205905,80590,151,251,1,0;0,0,0,0,0,0,0,0,0,0,0,0,0,0,0,0,0,338,0
9900,51,5,a200000,89000,151,251,1,0;0,0,0,0,0,0,0,0,0,0,0,0,0,0,0,0,0,338,0
9901,51,5,a200001,89001,151,251,1,0;0,0,0,0,0,0,0,0,0,0,0,0,0,0,0,0,0,338,0
9902,51,5,a200002,89002,151,251,1,0;0,0,0,0,0,0,0,0,0,0,0,0,0,0,0,0,0,338,0
9903,51,5,a200003,89003,151,251,1,0;0,0,0,0,0,0,0,0,0,0,0,0,0,0,0,0,0,338,0
9904,51,5,a200004,89004,151,251,1,0;0,0,0,0,0,0,0,0,0,0,0,0,0,0,0,0,0,338,0
9905,51,5,a200005,89005,151,251,1,0;0,0,0,0,0,0,0,0,0,0,0,0,0,0,0,0,0,338,0
9906,51,5,a200006,89006,151,251,1,0;0,0,0,0,0,0,0,0,0,0,0,0,0,0,0,0,0,338,0
9907,51,5,a200007,89007,151,251,1,0;0,0,0,0,0,0,0,0,0,0,0,0,0,0,0,0,0,338,0
9908,51,5,a200008,89008,151,251,1,0;0,0,0,0,0,0,0,0,0,0,0,0,0,0,0,0,0,338,0
9909,51,5,a200009,89009,151,251,1,0;0,0,0,0,0,0,0,0,0,0,0,0,0,0,0,0,0,338,0
9910,51,5,a200010,89010,151,251,1,0;0,0,0,0,0,0,0,0,0,0,0,0,0,0,0,0,0,338,0
9911,51,5,a200011,89011,151,251,1,0;0,0,0,0,0,0,0,0,0,0,0,0,0,0,0,0,0,338,0
9912,51,5,a200012,89012,151,251,1,0;0,0,0,0,0,0,0,0,0,0,0,0,0,0,0,0,0,338,0
9913,51,5,a200013,89013,151,251,1,0;0,0,0,0,0,0,0,0,0,0,0,0,0,0,0,0,0,338,0
20000,7,2,2006,20000,30000,40000,999,1;500,996,1;2;3;4;5;6;7;8,0,0,0,0,0,0,0,0,0,0,0,0,0,0,318,0
20001,7,2,2006,20000,30000,40000,999,1;500,996,8;9;10;11;12;13;14;15;16;17,0,0,0,0,0,0,0,0,0,0,0,0,0,0,318,0
20002,7,2,2006,20000,30000,40000,999,1;500,996,8;18;19;20;21;22;23;24;25;26,0,0,0,0,0,0,0,0,0,0,0,0,0,0,318,0
20003,7,2,2006,20000,30000,40000,999,1;500,996,8;27;28;29;30;31;32;33;34,0,0,0,0,0,0,0,0,0,0,0,0,0,0,318,0
20004,7,2,2006,20000,30000,40000,999,1;500,996,35;36;37;38;39;40,0,0,0,0,0,0,0,0,0,0,0,0,0,0,318,0
20005,7,2,2006,20000,30000,40000,999,1;500,996,35;36;38;39;40;41,0,0,0,0,0,0,0,0,0,0,0,0,0,0,318,0
20010,7,1,2006,20010,30010,40010,999,1;500,996,60;61;62;63;64,0,0,0,0,0,0,0,0,0,0,0,0,0,0,307,0
20011,7,2,2006,20011,30011,40011,999,1;500,996,65;66;67;68,0,0,0,0,0,0,0,0,0,0,0,0,0,0,307,0
20012,7,3,2006,20012,30012,40012,999,1;500,996,69;70;73;74;75;76;77;78;79;80;81;82;83;84;85;86;87,0,0,0,0,0,0,0,0,0,0,0,0,0,0,307,0
20013,7,4,2006,20013,30013,40013,999,1;500,996,88;89;90;91;92;93,0,0,0,0,0,0,0,0,0,0,0,0,0,0,307,0
20020,7,3,2006,20020,30020,40020,999,1;500,996,100;101;102;103,0,0,0,0,0,0,0,0,0,0,0,0,0,0,308,0
20021,7,4,2006,20021,30021,40021,999,1;500,996,104;105;106;107,0,0,0,0,0,0,0,0,0,0,0,0,0,0,308,0
20050,7,3,2006,20050,30050,40050,999,1;500,996,200,0,0,0,0,0,0,0,0,0,0,0,0,0,0,309,0
20060,7,4,8000,20060,30060,40060,999,1;500,996,2022,0,0,0,0,0,0,0,0,0,0,0,0,0,0,348,0
20061,7,4,2072,20061,30061,40061,999,1;500,996,2023,0,0,0,0,0,0,0,0,0,0,0,0,0,0,348,0
20062,7,5,2072,20062,30062,40062,999,1;500,996,2057,0,0,0,0,0,0,0,0,0,0,0,0,0,0,332,0
20100,7,2,2004,20100,30100,40100,999,1;500,7,1012,1,0,0,0,0,0,0,0,0,0,0,0,0,0,303,0
20101,7,3,2004,20101,30101,40101,999,1;500,7,1012,2,0,0,0,0,0,0,0,0,0,0,0,0,0,303,0
20102,7,4,2004,20102,30102,40102,999,1;500,7,1012,3,0,0,0,0,0,0,0,0,0,0,0,0,0,303,0
20200,7,3,2070,20200,30200,40200,999,1;500,1;2,1;2,100000;1000,0,0,0,0,0,0,0,0,0,0,0,0,0,303,0
20500,7,4,2059,20500,30500,40500,1,1;1,0,0,0,0,0,0,0,0,0,0,0,0,0,0,0,0,320,0
20501,7,4,8000,5004,5303,5603,999,0;0,996,201;202;203;204,0,0,0,0,0,0,0,0,0,0,0,0,0,0,309,1
20502,7,4,8000,5004,5303,5603,999,0;0,996,205;206;207;208,0,0,0,0,0,0,0,0,0,0,0,0,0,0,309,1
20503,7,4,8000,5004,5302,5602,999,0;0,996,209;210;211;212,0,0,0,0,0,0,0,0,0,0,0,0,0,0,309,1
20504,7,4,8000,5004,5302,5602,999,0;0,996,213;214;215;216,0,0,0,0,0,0,0,0,0,0,0,0,0,0,309,1
20505,7,4,8000,5004,5301,5601,999,0;0,996,217;218;219;220,0,0,0,0,0,0,0,0,0,0,0,0,0,0,309,1
20506,7,4,8000,5004,5301,5601,999,0;0,996,221;222;223;224,0,0,0,0,0,0,0,0,0,0,0,0,0,0,309,1
20507,7,4,8000,5004,5300,5600,999,0;0,996,225;226;227;228,0,0,0,0,0,0,0,0,0,0,0,0,0,0,309,1
20508,7,4,8000,5004,5300,5600,999,0;0,996,229;230;231;232,0,0,0,0,0,0,0,0,0,0,0,0,0,0,309,1
20600,7,4,5003,20600,30600,40600,999,1;500,996,500;501;502;503;504,0,0,0,0,0,0,0,0,0,0,0,0,0,0,334,1
20601,7,4,5003,20600,30600,40600,999,1;500,996,305;306;307;308,0,0,0,0,0,0,0,0,0,0,0,0,0,0,351,1
20602,7,4,5003,20600,30600,40600,999,1;500,996,309;310;311;312,0,0,0,0,0,0,0,0,0,0,0,0,0,0,351,1
20603,7,4,5003,20600,30600,40600,999,1;500,996,313;314;315;316;317,0,0,0,0,0,0,0,0,0,0,0,0,0,0,351,1
20604,7,4,5003,20600,30600,40600,999,1;500,996,318;319;320;321;322,0,0,0,0,0,0,0,0,0,0,0,0,0,0,351,1
20605,7,4,5003,20600,30600,40600,999,1;500,996,323;324;325;326;327,0,0,0,0,0,0,0,0,0,0,0,0,0,0,351,1
20606,7,4,5003,20600,30600,40600,999,1;500,996,328;329;330;331;332,0,0,0,0,0,0,0,0,0,0,0,0,0,0,351,1
20607,7,4,5003,20600,30600,40600,999,1;500,996,333;334;335;336;337,0,0,0,0,0,0,0,0,0,0,0,0,0,0,351,1
20608,7,4,5003,20600,30600,40600,999,1;500,996,338;339;340;341;342,0,0,0,0,0,0,0,0,0,0,0,0,0,0,351,1
20609,7,4,5003,20609,30600,40609,999,1;500,996,343,0,0,0,0,0,0,0,0,0,0,0,0,0,0,334,0
20610,7,4,5003,20610,30600,40610,999,1;500,996,344,0,0,0,0,0,0,0,0,0,0,0,0,0,0,334,0
20611,7,4,5003,20600,30600,40611,999,1;500,996,345;346;347;348;349,0,0,0,0,0,0,0,0,0,0,0,0,0,0,334,0
21000,7,4,7000,21000,31000,41000,999,1;1000,996,300;301;302;303;304,0,0,0,0,0,0,0,0,0,0,0,0,0,0,327,0
21001,7,4,981,21001,31001,41001,999,1;500,996,2000;2001;2002;2003;2004;2005;2006;2007,0,0,0,0,0,0,0,0,0,0,0,0,0,0,333,0
21002,7,5,50005,21002,31002,41002,999,1;500,996,50062;50063,0,0,0,0,0,0,0,0,0,0,0,0,0,0,332,1
21003,7,4,975,21003,31003,41003,999,1;500,996,2000;2001;2002;2003;2004;2005;2006;2007,0,0,0,0,0,0,0,0,0,0,0,0,0,0,339,0
21004,7,4,3010,21004,31004,41004,999,1;500,996,2008;2009;2010;2011;2012;2013;2014;2015;2016;2017;2018;2019;2020;2021,0,0,0,0,0,0,0,0,0,0,0,0,0,0,346,0
21005,7,5,210278,21005,31005,41005,999,1;500,996,2024;2025;2026;2027;2028;2029;2030,0,0,0,0,0,0,0,0,0,0,0,0,0,0,332,0
21006,7,5,60018,21006,31006,41006,999,1;500,996,2031;2032;2033;2034;2035;2036;2037;2038;2039;2040,0,0,0,0,0,0,0,0,0,0,0,0,0,0,332,0
21007,7,5,210288,21007,31007,41007,999,1;500,996,2041,0,0,0,0,0,0,0,0,0,0,0,0,0,0,332,0
21008,7,5,70218,21008,31008,41008,999,1;500,996,2042,0,0,0,0,0,0,0,0,0,0,0,0,0,0,332,0
21009,7,5,70198,21009,31009,41009,999,1;500,996,2043;2044;2045;2046;2047;2048;2049;2050;2051;2052;2053;2054;2055;2056,0,0,0,0,0,0,0,0,0,0,0,0,0,0,332,0
21010,7,5,50005,21010,31010,41010,999,1;500,996,50881,0,0,0,0,0,0,0,0,0,0,0,0,0,0,332,0
21011,7,5,70228,21011,31011,41011,999,1;500,996,2058;2059;2060;2061;2062;2063;2064;2065,0,0,0,0,0,0,0,0,0,0,0,0,0,0,332,0
21012,7,5,70248,21012,31012,41012,999,1;500,996,2066;2067;2068;2069;2070;2071;2072;2073;2074;2075;2076,0,0,0,0,0,0,0,0,0,0,0,0,0,0,332,0
21013,7,5,70248,21013,31013,41013,999,1;500,996,2077,0,0,0,0,0,0,0,0,0,0,0,0,0,0,332,0
21014,7,5,7997,21014,31014,41014,999,1;500,996,2078;2079;2080;2081;2082;2083;2084;2085;2086;2087;2088,0,0,0,0,0,0,0,0,0,0,0,0,0,0,332,0
25000,7,4,21008,25000,35000,45000,999,1;1000,7;7;7;7;7,50041;50042;50043;50044;50045,1;1;1;1;1,0,0,0,0,0,0,0,0,0,0,0,0,0,327,1
25001,7,4,21009,25001,35001,45001,999,1;1000,7;7;7;7,50051;50052;50053;50056,1;1;1;1,0,0,0,0,0,0,0,0,0,0,0,0,0,327,1
25002,7,5,21010,25002,35002,45002,999,1;1000,7;7;7,50061;50062;50063,1;1;1,0,0,0,0,0,0,0,0,0,0,0,0,0,327,1
25003,7,5,21011,25003,35003,45003,999,1;1000,7;7;7;7;7,50061;50062;50063;50064;50065,1;1;1;1;1,0,0,0,0,0,0,0,0,0,0,0,0,0,327,1
50000,7,2,50000,50000,2000,3000,999,1;500,997,1,0,0,0,0,0,0,0,0,0,0,0,0,0,0,301;305,0
50001,7,2,50001,50001,2000,3000,999,1;500,997,2,0,0,0,0,0,0,0,0,0,0,0,0,0,0,301;305,0
50002,7,3,50002,50002,2000,3000,999,1;500,997,3,0,0,0,0,0,0,0,0,0,0,0,0,0,0,301;305,0
50003,7,3,50003,50003,2000,3000,999,1;500,997,4,0,0,0,0,0,0,0,0,0,0,0,0,0,0,301,0
50004,7,4,50004,50004,2000,3000,999,1;500,997,5,0,0,0,0,0,0,0,0,0,0,0,0,0,0,301,0
50005,7,5,50005,50005,2000,3000,999,1;500,997,6,0,0,0,0,0,0,0,0,0,0,0,0,0,0,301,0
50041,7,3,50041,50041,60041,70041,999,1;500,997,41,0,0,0,0,0,0,0,0,0,0,0,0,0,0,330,0
50042,7,3,50042,50042,60042,70042,999,1;500,997,42,0,0,0,0,0,0,0,0,0,0,0,0,0,0,330,0
50043,7,3,50043,50043,60043,70043,999,1;500,997,43,0,0,0,0,0,0,0,0,0,0,0,0,0,0,330,0
50044,7,3,50044,50044,60044,70044,999,1;500,997,44,0,0,0,0,0,0,0,0,0,0,0,0,0,0,330,0
50045,7,3,50045,50045,60045,70045,999,1;500,997,45,0,0,0,0,0,0,0,0,0,0,0,0,0,0,330,0
50046,7,3,50046,50046,60046,70046,999,1;500,997,46,0,0,0,0,0,0,0,0,0,0,0,0,0,0,330,0
50051,7,4,50051,50051,60051,70051,999,1;500,997,51,0,0,0,0,0,0,0,0,0,0,0,0,0,0,330,0
50052,7,4,50052,50052,60052,70052,999,1;500,997,52,0,0,0,0,0,0,0,0,0,0,0,0,0,0,330,0
50053,7,4,50053,50053,60053,70053,999,1;500,997,53,0,0,0,0,0,0,0,0,0,0,0,0,0,0,330,0
50054,7,4,50054,50054,60054,70054,999,1;500,997,54,0,0,0,0,0,0,0,0,0,0,0,0,0,0,330,0
50055,7,4,50055,50055,60055,70055,999,1;500,997,55,0,0,0,0,0,0,0,0,0,0,0,0,0,0,330,0
50056,7,4,50056,50056,60056,70056,999,1;500,997,56,0,0,0,0,0,0,0,0,0,0,0,0,0,0,330,0
50061,7,5,50061,50061,60061,70061,999,1;500,997,61,0,0,0,0,0,0,0,0,0,0,0,0,0,0,330,0
50062,7,5,50062,50062,60062,70062,999,1;500,997,62,0,0,0,0,0,0,0,0,0,0,0,0,0,0,330,0
50063,7,5,50063,50063,60063,70063,999,1;500,997,63,0,0,0,0,0,0,0,0,0,0,0,0,0,0,330,0
50064,7,5,50064,50064,60064,70064,999,1;500,997,64,0,0,0,0,0,0,0,0,0,0,0,0,0,0,330,0
50065,7,5,50065,50065,60065,70065,999,1;500,997,65,0,0,0,0,0,0,0,0,0,0,0,0,0,0,330,0
50066,7,5,50066,50066,60066,70066,999,1;500,997,66,0,0,0,0,0,0,0,0,0,0,0,0,0,0,330,0
50700,7,5,50005,50700,60700,70066,999,1;500,997,701,0,0,0,0,0,0,0,0,0,0,0,0,0,0,332,0
50881,7,5,50061,50061,60061,70061,999,1;500,997,702,0,0,0,0,0,0,0,0,0,0,0,0,0,0,332,0
50882,7,5,50062,50062,60062,70062,999,1;500,997,101,0,0,0,0,0,0,0,0,0,0,0,0,0,0,332,0
50883,7,5,50063,50063,60063,70063,999,1;500,997,102,0,0,0,0,0,0,0,0,0,0,0,0,0,0,332,0
